<?xml version="1.0" encoding="utf-8"?>
<odoo>
    <data noupdate="1">
        <record id="ir_cron_send_email_password_expire" model="ir.cron">
            <field name="name">Password policy: Send reminder password expires</field>
            <field name="model_id" ref="model_res_users"/>
            <field name="state">code</field>
            <field name="active">False</field>
            <field name="code">model.action_send_password_expire(user_ids=[])</field>
            <field name="interval_number">1</field>
            <field name="doall" eval="False"/>
            <field name="interval_type">days</field>
            <field name="numbercall">-1</field>
            <field name="nextcall" eval="DateTime.now() + timedelta(days=1)"/>
        </record>
    </data>
</odoo>
